ISOALPHA,COUNTRYNM,original_gpw_name,updated_gpw_name,notes
AFG,afghanistan,maydan wardak,wardak,
AFG,afghanistan,panjsher,panjshir,
ALB,albania,tirane [tirana],tirane,
AND,andorra,andorra,andorra la vella,
AND,andorra,escaldes,escaldes-engordany,
AND,andorra,sant julia,sant julia de loria,
ARE,united arab emirates,al sharjah,sharjah,
ARE,united arab emirates,ras al khayma,ras al-khaimah,
ARE,united arab emirates,umm al quwain,umm al-qaywayn,
ARG,argentina,ciudad autonoma de buenos aires,ciudad de buenos aires,
ARM,armenia,lory,lori,
ATG,antigua and barbuda,"saint john
city",saint john,
ATG,antigua and barbuda,"saint john
rural",saint john,
AUS,australia,other territories,NaN,
AZE,azerbaijan,aghdam,yukhari-karabakh,
AZE,azerbaijan,aghdash,aran,
AZE,azerbaijan,aghjabadi,aran,
AZE,azerbaijan,aghstafa,ganja-qazakh,
AZE,azerbaijan,aghsu,daglig-shirvan,
AZE,azerbaijan,astara,lankaran,
AZE,azerbaijan,babek,,
AZE,azerbaijan,balaken,shaki-zaqatala,
AZE,azerbaijan,barda,aran,
AZE,azerbaijan,beilagan,aran,
AZE,azerbaijan,bilasuvar,aran,
AZE,azerbaijan,binagadi,,
AZE,azerbaijan,dashkesen,ganja-qazakh,
AZE,azerbaijan,fuzuli,yukhari-karabakh,
AZE,azerbaijan,gabala,shaki-zaqatala,
AZE,azerbaijan,gadabay,ganja-qazakh,
AZE,azerbaijan,gakh,shaki-zaqatala,
AZE,azerbaijan,ganja city,ganja-qazakh,
AZE,azerbaijan,garadagh,,
AZE,azerbaijan,gazakh,ganja-qazakh,
AZE,azerbaijan,gobustan,daglig-shirvan,
AZE,azerbaijan,goranboy,ganja-qazakh,
AZE,azerbaijan,goychay,aran,
AZE,azerbaijan,goygol,ganja-qazakh,
AZE,azerbaijan,guba,quba-khachmaz,
AZE,azerbaijan,gubadly,kalbajar-lachin,
AZE,azerbaijan,gusar,quba-khachmaz,
AZE,azerbaijan,hajigabul,aran,
AZE,azerbaijan,imishly,aran,
AZE,azerbaijan,ismailly,daglig-shirvan,
AZE,azerbaijan,jabrail,yukhari-karabakh,
AZE,azerbaijan,jalilabad,lankaran,
AZE,azerbaijan,julfa,,
AZE,azerbaijan,kalbajar,kalbajar-lachin,
AZE,azerbaijan,kangarly,,
AZE,azerbaijan,khachmaz,quba-khachmaz,
AZE,azerbaijan,khankandy city,yukhari-karabakh,
AZE,azerbaijan,khatai,,
AZE,azerbaijan,khazar,,
AZE,azerbaijan,khojaly,yukhari-karabakh,
AZE,azerbaijan,khojavand,yukhari-karabakh,
AZE,azerbaijan,khyzy,,
AZE,azerbaijan,kurdamir,aran,
AZE,azerbaijan,lachin,kalbajar-lachin,
AZE,azerbaijan,lenkaran,lankaran,
AZE,azerbaijan,lerik,lankaran,
AZE,azerbaijan,masally,lankaran,
AZE,azerbaijan,mingachevir city,aran,
AZE,azerbaijan,naftalan city,ganja-qazakh,
AZE,azerbaijan,nakhchivan city,,
AZE,azerbaijan,narimanov,,
AZE,azerbaijan,nasimi,,
AZE,azerbaijan,neftchala,aran,
AZE,azerbaijan,nizami,,
AZE,azerbaijan,oghuz,shaki-zaqatala,
AZE,azerbaijan,ordubad,,
AZE,azerbaijan,saatly,aran,
AZE,azerbaijan,sabail,,
AZE,azerbaijan,sabirabad,aran,
AZE,azerbaijan,sabunchy,,
AZE,azerbaijan,sadarak,,
AZE,azerbaijan,salyan,aran,
AZE,azerbaijan,samukh,ganja-qazakh,
AZE,azerbaijan,shabran,quba-khachmaz,
AZE,azerbaijan,shahbuz,,
AZE,azerbaijan,shamakhy,daglig-shirvan,
AZE,azerbaijan,shamkir,ganja-qazakh,
AZE,azerbaijan,sharur,,
AZE,azerbaijan,sheki,shaki-zaqatala,
AZE,azerbaijan,shirvan city,aran,
AZE,azerbaijan,shusha,yukhari-karabakh,
AZE,azerbaijan,siazan,quba-khachmaz,
AZE,azerbaijan,sumgait city,,
AZE,azerbaijan,surakhany,,
AZE,azerbaijan,terter,yukhari-karabakh,
AZE,azerbaijan,tovuz,ganja-qazakh,
AZE,azerbaijan,ujar,aran,
AZE,azerbaijan,yardimly,lankaran,
AZE,azerbaijan,yasamal,,
AZE,azerbaijan,yevlakh,aran,
AZE,azerbaijan,zagatala,shaki-zaqatala,
AZE,azerbaijan,zangilan,kalbajar-lachin,
AZE,azerbaijan,zardab,aran,
BDI,burundi,bujumbara rural,bujumbura rural,
BDI,burundi,canzuko,cankuzo,
BDI,burundi,mairie de bujumbura,bujumbura mairie,
BDI,burundi,ruyiga,ruyigi,
BEL,belgium,brussels hoofdstedelijk gewest,bruxelles,
BEL,belgium,vlaams gewest,valaanderen,
BEL,belgium,waals gewest,wallonie,
BEN,benin,atacora,atakora,
BFA,burkina faso,hauts-bassins,haut-bassins,
BGR,bulgaria,sofia (capital),grad sofiya,
BHR,bahrain,central,,
BHS,bahamas,abaco,central abaco,
BHS,bahamas,andros,central andros,
BHS,bahamas,eleuthera,central eleuthera,
BHS,bahamas,exuma and cays,exuma,
BHS,bahamas,grand bahama,east grand bahama,
BHS,bahamas,mayaguanna,mayaguana,
BHS,bahamas,rum city,rum cay,
BIH,bosnia and herzegovina,distrikt brcko,brcko,
BIH,bosnia and herzegovina,federacija bosne i hercegovine,federacija bosna i hercegovina,
BIH,bosnia and herzegovina,republika srpska,repuplika srpska,
BOL,bolivia (plurinational state of),beni,el beni,
BRN,brunei darussalam,brunei muara,brunei and muara,
BTN,bhutan,trashiyangtse,trashi yangtse,
BWA,botswana,gemsbok/transfrontier park,,
BWA,botswana,orapa,,
BWA,botswana,selebi pikwe,selibe phikwe,
BWA,botswana,sowa_town,sowa,
CAN,canada,british columbia -colombie-britannique,british columbia,
CAN,canada,new brunswick -nouveau-brunswick,new brunswick,
CAN,canada,newfoundland and labrador -terre-neuve-et-labrador,newfoundland and labrador,
CAN,canada,northwest territories -territoires du nord-ouest,northwest territories,
CAN,canada,nova scotia -nouvelle-ecosse,nova scotia,
CAN,canada,prince edward island -ile-du-prince-edouard,prince edward island,
CAN,canada,quebec -quebec,quebec,
CHE,switzerland,bern -berne,bern,
CHE,switzerland,fribourg -freiburg,fribourg,
CHE,switzerland,graubunden -grigioni -grischun,graubunden,
CHE,switzerland,saint gallen,sankt gallen,
CHE,switzerland,valais -wallis,valais,
CHL,chile,magallanes and antartica chilena,magallanes y antartica chilena,
CHL,chile,santiago metropolitan region (rm),santiago metropolitan,
CHN,china,beijingshi,beijing,
CHN,china,chongqingshi,chongqing,
CHN,china,guangxizhuangzuzizhiqu,guangxi,
CHN,china,neimengguzizhiqu,nei mongol,
CHN,china,ningxiahuizuzizhiqu,ningxia hui,
CHN,china,shanghaishi,shanghai,
CHN,china,xinjiangweiwuerzizhiqu,xinjiang uygur,
CHN,china,xizangzizhiqu,xizang,
CIV,cote d'ivoire,la vallee du bandama,vallee du bandama,
COD,democratic republic of the congo,bandundu,,
COD,democratic republic of the congo,bas-congo,,
COD,democratic republic of the congo,kasai occidental,,
COD,democratic republic of the congo,katanga,,
COD,democratic republic of the congo,orientale,,
COG,congo,cuvette - ouest,cuvette-ouest,
COG,congo,pointe-noire,pointe noire,
COL,colombia,archipielago de san andres,san andres y providencia,
COL,colombia,"bogota, d.c.",bogota d.c.,
CPV,cape verde,fogo,,
CPV,cape verde,santa antao,,
CPV,cape verde,santiago,,
CPV,cape verde,sao nicolau,,
CUB,cuba,artemisa,,
CYP,cyprus,lemesos,limassol,
CYP,cyprus,occupied area,,
DJI,djibouti,djibouti ville,djiboutii,
DJI,djibouti,tadjourah,tadjoura,
DNK,denmark,sjlland,sjaelland,
DOM,dominican republic,cibao nordeste,,
DOM,dominican republic,cibao noroeste,,
DOM,dominican republic,cibao norte,,
DOM,dominican republic,cibao sur,,
DOM,dominican republic,el valle,,
DOM,dominican republic,enriquillo,,
DOM,dominican republic,higuamo,,
DOM,dominican republic,ozama,,
DOM,dominican republic,valdesia,,
DOM,dominican republic,yuma,,
DZA,algeria,aindefla,ain defla,
DZA,algeria,aintemouchent,ain temouchent,
DZA,algeria,bordjbouarreridj,bordj bou arreridj,
DZA,algeria,bourmerdes,boumerdes,
DZA,algeria,elbayadh,el bayadh,
DZA,algeria,eloued,el oued,
DZA,algeria,eltarf,el tarf,
DZA,algeria,oumelbouaghi,oum el bouaghi,
DZA,algeria,sidibelabbes,sidi bel abbes,
DZA,algeria,soukahras,souk ahras,
DZA,algeria,tiziouzou,tizi ouzou,
ECU,ecuador,zona no delimitado,,
EGY,egypt,6 October,,
EGY,egypt,dakhlia,ad daqahliyah,
EGY,egypt,el wadi el gidid,al wadi al jadid,
EGY,egypt,helwan,,
EGY,egypt,ismalia,al isma`iliyah,
EGY,egypt,kafr el shiekh,kafr ash shaykh,
EGY,egypt,kaliobia,al qalyubiyah,
EGY,egypt,monoufia,al minufiyah,
ERI,eritrea,g/barka,gash barka,
ERI,eritrea,nrs,semenawi keyih bahri,
ERI,eritrea,srs,debubawi keyih bahri,
ESP,spain,"asturias, principado de",principado de asturias,
ESP,spain,"balears, illes",islas baleares,
ESP,spain,ceuta,ceuta y melilla,
ESP,spain,"madrid, comunidad de",comunidad de madrid,
ESP,spain,melilla,ceuta y melilla,
ESP,spain,"murcia, region de",region de murcia,
ESP,spain,"navarra, comunidad foral de",comunidad foral de navarra,
ESP,spain,"rioja, la",la rioja,
ETH,ethiopia,addis ababa city,addis abeba,
ETH,ethiopia,affar,afar,
ETH,ethiopia,benishangul-gumuz,benshangul-gumaz,
ETH,ethiopia,dire dawa city,dire dawa,
ETH,ethiopia,gambella,gambela peoples,
ETH,ethiopia,harari,harari people,
ETH,ethiopia,s.n.n.p,"southern nations, nationalities and peoples",
FIN,finland,central finland,western finland,
FIN,finland,central ostrobothnia,western finland,
FIN,finland,hame,southern finland,
FIN,finland,kainuu,,
FIN,finland,kymenlaakso,southern finland,
FIN,finland,north karelia,eastern finland,
FIN,finland,northern ostrobothnia,oulu,
FIN,finland,northern savo,eastern finland,
FIN,finland,ostrobothnia,western finland,
FIN,finland,paijat-hame,southern finland,
FIN,finland,satakunta,western finland,
FIN,finland,south karelia,southern finland,
FIN,finland,south ostrobothnia,western finland,
FIN,finland,southern savo,eastern finland,
FIN,finland,southwest finland,,
FIN,finland,tampere,,
FIN,finland,uusimaa,southern finland,
FJI,fiji,ba,,
FJI,fiji,bua,,
FJI,fiji,cakuadrove,,
FJI,fiji,kadavu,,
FJI,fiji,lau,,
FJI,fiji,lomaiviti,,
FJI,fiji,macuata,,
FJI,fiji,nadroga navosa,,
FJI,fiji,naitasiri,,
FJI,fiji,namosi,,
FJI,fiji,ra,,
FJI,fiji,rewa,,
FJI,fiji,serua,,
FJI,fiji,tailevu,,
FRA,france,alsace,grand est,
FRA,france,aquitaine,nouvelle-aquitaine,
FRA,france,auvergne,auvergne-rhone-alpes,
FRA,france,basse-normandie,normandie,
FRA,france,bourgogne,bourgogne-franche-comte,
FRA,france,centre,centre-val de loire,
FRA,france,champagne-ardenne,grand est,
FRA,france,franche-comte,bourgogne-franche-comte,
FRA,france,haute-normandie,normandie,
FRA,france,languedoc-roussillon,occitanie,
FRA,france,limousin,nouvelle-aquitaine,
FRA,france,lorraine,grand est,
FRA,france,midi-pyrenees,occitanie,
FRA,france,nord-pas-de-calais,hauts-de-france,
FRA,france,picardie,hauts-de-france,
FRA,france,poitou-charentes,nouvelle-aquitaine,
FRA,france,rhone-alpes,auvergne-rhone-alpes,
GAB,gabon,lestuaire,estuaire,
GAB,gabon,logooue-ivindo,ogooue-ivindo,
GAB,gabon,logooue-lolo,ogooue-lolo,
GAB,gabon,logooue-maritime,ogooue-maritime,
GBR,united kingdom of great britain and northern ireland,england,na,
GEO,georgia,autonomous republic of adjara,ajaria,
GEO,georgia,c. tbilisi,racha-lechkhumi-kvemo svaneti,
GEO,georgia,racha-lechkhumi and kvemo svaneti,tbilisi,
GMB,gambia,basse,,
GMB,gambia,brikama,,
GMB,gambia,janjangbureh,,
GMB,gambia,kanifing,,
GMB,gambia,kerewan,,
GMB,gambia,kuntaur,,
GMB,gambia,mansakonko,,
GNB,guinea-bissau,aut. bissau,bissau,
GNB,guinea-bissau,bolama/bijagos,bolama,
GRC,greece,"anatoliki makedonia, thraki",macedonia and thrace,
GRC,greece,attiki,attica,
GRC,greece,dytiki ellada,"peloponnese, western greece and the ionian islands",
GRC,greece,dytiki makedonia,epirus and western macedonia,
GRC,greece,ionia nissia,"peloponnese, western greece and the ionian islands",
GRC,greece,ipeiros,epirus and western macedonia,
GRC,greece,kentriki makedonia,thessaly and central greece,
GRC,greece,kriti,crete,
GRC,greece,notio aigaio,aegean,
GRC,greece,peloponnisos,"peloponnese, western greece and the ionian islands",
GRC,greece,sterea ellada,thessaly and central greece,
GRC,greece,thessalia,thessaly and central greece,
GRC,greece,voreio aigaio,aegean,
GRD,grenada,carriacou (and petite martinique),carriacou,
GTM,guatemala,quetzaltenango,quezaltenango,
GUM,guam,1,,
GUM,guam,10,,
GUM,guam,11,,
GUM,guam,12,,
GUM,guam,13,,
GUM,guam,14,,
GUM,guam,15,,
GUM,guam,16,,
GUM,guam,17,,
GUM,guam,18,,
GUM,guam,19,,
GUM,guam,2,,
GUM,guam,3,,
GUM,guam,4,,
GUM,guam,5,,
GUM,guam,6,,
GUM,guam,7,,
GUM,guam,8,,
GUM,guam,9,,
GUY,guyana,berbice/corentyne,east berbice-corentyne,
GUY,guyana,demerara/mahaica,demerara-mahaica,
GUY,guyana,essequibo islands-west demerara,,
GUY,guyana,mahaica/berbice,mahaica-berbice,
GUY,guyana,pomeroon/supenaam,pomeroon-supenaam,
GUY,guyana,upper takatu-upper essequibo,,
HRV,croatia,bjelovar-bilogora,bjelovarska-bilogorska,
HRV,croatia,istria,istarska,
HRV,croatia,meimurje,medimurska,
HRV,croatia,pozega-slavonia,pozesko-slavonska,
HRV,croatia,sibenik-knin,sibensko-kninska,
HRV,croatia,split-dalmatia,splitsko-dalmatinska,
HRV,croatia,vukovar-sirmium,vukovarsko-srijemska,
HRV,croatia,zadar,zadarska,
HUN,hungary,central hungary,,
HUN,hungary,central transdanubia,,
HUN,hungary,northern great plain,,
HUN,hungary,northern hungary,,
HUN,hungary,southern great plain,,
HUN,hungary,southern transdanubia,,
HUN,hungary,western transdanubia,,
IDN,indonesia,java,,
IDN,indonesia,kalimantan,,
IDN,indonesia,lesser sunda islands,,
IDN,indonesia,sulawesi,,
IDN,indonesia,sumatra,,
IDN,indonesia,western new guinea,,
IND,india,andaman and nicobar islands,andaman and nicobar,
IND,india,chhatisgarh,chhattisgarh,
IND,india,delhi,nct of delhi,
IND,india,orissa,odisha,
IND,india,uttaranchal,uttarakhand,
IRL,ireland,connacht,,
IRL,ireland,leinster,,
IRL,ireland,munster,,
IRL,ireland,ulster,,
IRN,iran (islamic republic of),chaharmahal and bakhtiari,chahar mahall and bakhtiari,
IRN,iran (islamic republic of),eastern azerbaijan,east azarbaijan,
IRN,iran (islamic republic of),ghazvin (qazvin),qazvin,
IRN,iran (islamic republic of),ghom (qom),qom,
IRN,iran (islamic republic of),gillan,gilan,
IRN,iran (islamic republic of),khoozestan (khuzestan),khuzestan,
IRN,iran (islamic republic of),kohgilooyeh and booyerahmad,kohgiluyeh and buyer ahmad,
IRN,iran (islamic republic of),north khorassan,north khorasan,
IRN,iran (islamic republic of),razavi khorassan,razavi khorasan,
IRN,iran (islamic republic of),sistan and baloochestan,sistan and baluchestan,
IRN,iran (islamic republic of),south khorassan,south khorasan,
IRN,iran (islamic republic of),western azerbaijan,west azarbaijan,
IRQ,iraq,al-najaf,an-najaf,
IRQ,iraq,al-sulaimaniya,as-sulaymaniyah,
IRQ,iraq,basrah,al-basrah,
IRQ,iraq,diala,diyala,
IRQ,iraq,duhouk,dihok,
IRQ,iraq,muhafazat al-qadisiya,al-qadisiyah,
IRQ,iraq,muhafazat erbil,arbil,
IRQ,iraq,salah al-deen,sala ad-din,
ISL,iceland,northeast,nordurland eystra,
ISL,iceland,northwest,nordurland vestra,
ISL,iceland,reykjavik north/south,hofudborgarsvaedi,
ISL,iceland,southwest,,
ISR,israel,central,hamerkaz,
ISR,israel,southern,hadarom,
ITA,italy,trentino-alto adige/sudtirol,trentino-alto adige,
ITA,italy,valle daosta/vallee daoste,valle d'aosta,
JOR,jordan,ajloun,ajlun,
JPN,japan,gumma,gunma,
KAZ,kazakhstan,almt,almaty,
KAZ,kazakhstan,atrw,atyrau,
KAZ,kazakhstan,east kazakhstan -sgs qzqstn,east kazakhstan,
KAZ,kazakhstan,mngstw,mangghystau,
KAZ,kazakhstan,north kazakhstan -soltustik qzqstn,north kazakhstan,
KAZ,kazakhstan,pvlodr,pavlodar,
KAZ,kazakhstan,qaraghandy -qrgnd,qaraghandy,
KAZ,kazakhstan,qostny,qostanay,
KAZ,kazakhstan,qyzylorda -qzlord,qyzylorda,
KAZ,kazakhstan,south kazakhastan -ontustik qzqstn,south kazakhstan,
KAZ,kazakhstan,west kazakhstan -bts qzqstn,west kazakhstan,
KAZ,kazakhstan,zhambyl -jmbl,zhambyl,
KEN,kenya,central,,
KEN,kenya,coast,,
KEN,kenya,eastern,,
KEN,kenya,north eastern,,
KEN,kenya,nyanza,,
KEN,kenya,rift valley,,
KEN,kenya,western,,
KGZ,kyrgyzstan,bishkek city,biskek,
KGZ,kyrgyzstan,chui,chuy,
KGZ,kyrgyzstan,osh city,osh (city),
KHM,cambodia,otdar meanchey,otdar mean chey,
KHM,cambodia,preah sihanouk,krong preah sihanouk,
KHM,cambodia,ratanak kiri,rotanokiri,
KNA,saint kitts and nevis,nevis,,
KNA,saint kitts and nevis,saint kitts,,
KWT,kuwait,al-farwaniya,al farwaniyah,
KWT,kuwait,al-jahra,al jahrah,
KWT,kuwait,capital (al asimah),al kuwayt,
LAO,lao people's democratic republic,borikhamxay,bolikhamxai,
LAO,lao people's democratic republic,khammuane,khammouan,
LAO,lao people's democratic republic,vientiane capital,vientiane,
LBN,lebanon,nabatiye,nabatiyeh,
LBY,libya,al margab,al marqab,
LBY,libya,an niquat al khums,an nuqat al khams,
LBY,libya,ash shati,wadi ash shati,
LCA,saint lucia,castries city,castries,
LCA,saint lucia,castries rural,castries,
LCA,saint lucia,castries suburban,castries,
LIE,liechtenstein,vaduz,valduz,
LKA,sri lanka,central,,
LKA,sri lanka,eastern,,
LKA,sri lanka,north central,,
LKA,sri lanka,north western,,
LKA,sri lanka,northern,,
LKA,sri lanka,sabaragamuwa,,
LKA,sri lanka,southern,,
LKA,sri lanka,uva,,
LKA,sri lanka,western,,
LSO,lesotho,botha bothe,butha-buthe,
LTU,lithuania,siauliu,siauliai,
LTU,lithuania,telsiu,telsiai,
LVA,latvia,pieriga,riga,
MAR,morocco,beni mellal-khenifra,,
MAR,morocco,casablanca-settat,,
MAR,morocco,draa-tafilalet,,
MAR,morocco,fes-meknes,,
MAR,morocco,guelmim-oued noun,,
MAR,morocco,laayoune-sakia el hamra,,
MAR,morocco,marrakech-safi,,
MAR,morocco,rabat-sale-kenitra,,
MAR,morocco,souss-massa,,
MAR,morocco,tanger-tetouan-al hoceima,,
MDA,republic of moldova,camenca,transnistria,
MDA,republic of moldova,dubasari - rural,transnistria,
MDA,republic of moldova,grigoriopol,transnistria,
MDA,republic of moldova,municipiul balti,balti,
MDA,republic of moldova,municipiul chisinau,chisinau,
MDA,republic of moldova,oras bender,bender,
MDA,republic of moldova,oras tiraspol,transnistria,
MDA,republic of moldova,ribnita,transnistria,
MDA,republic of moldova,slobozia,transnistria,
MDA,republic of moldova,u.t.a. gagauzia,gagauzia,
MEX,mexico,coahuila de zaragoza,coahuila,
MEX,mexico,michoacan de ocampo,michoacan,
MEX,mexico,veracruz de ignacio de la llave,veracruz,
MHL,marshall islands,bikini,,
MHL,marshall islands,enewetak,enewetok,
MHL,marshall islands,kili,,
MHL,marshall islands,namdrik,namorik,
MHL,marshall islands,rongelap,,
MKD,the former yugoslav republic of macedonia,eastern,,
MKD,the former yugoslav republic of macedonia,northeastern,,
MKD,the former yugoslav republic of macedonia,pelagonia,,
MKD,the former yugoslav republic of macedonia,polog,,
MKD,the former yugoslav republic of macedonia,skopje,,
MKD,the former yugoslav republic of macedonia,southeastern,,
MKD,the former yugoslav republic of macedonia,southwestern,,
MKD,the former yugoslav republic of macedonia,vardar,,
MNG,mongolia,bayan-olgii,bayan-olgiy,
MNG,mongolia,govi-altai,govi-altay,
MNG,mongolia,khentii,hentiy,
MNG,mongolia,khovsgol,hovsgol,
MRT,mauritania,hodh chargui,hodh ech chargui,
MTQ,martinique,la trinite,le trinite,
MWI,malawi,blantyre city,blantyre,
MWI,malawi,blantyre rural,blantyre,
MWI,malawi,lilongwe city,lilongwe,
MWI,malawi,lilongwe rural,lilongwe,
MWI,malawi,mzuzu city,,
MWI,malawi,zomba city,,
MYS,malaysia,terengganu,trengganu,
NAM,namibia,otozondjupa,otjozondjupa,
NGA,nigeria,akwa,akwa ibom,
NGA,nigeria,nasarawa,nassarawa,
NLD,netherlands,north brabant,noord-brabant,
NLD,netherlands,north-holland,noord-holland,
NLD,netherlands,south holland,,
NLD,netherlands,zealand,zeeland,
NOR,norway,finnmark finnmarku,finnmark,
NOR,norway,mre og romsdal,more og romsdal,
NOR,norway,nord-trndelag,nord-trondelag,
NOR,norway,sr-trndelag,sor-trondelag,
NOR,norway,stfold,astfold,
NOR,norway,troms romsa,troms,
NZL,new zealand,area outside territorial authority,,
NZL,new zealand,ashburton,canterbury,
NZL,new zealand,buller,west coast,
NZL,new zealand,carterton,wellington,
NZL,new zealand,central hawkes bay,hawkes bay,
NZL,new zealand,central otago,otago,
NZL,new zealand,christchurch city,canterbury,
NZL,new zealand,clutha,otago,
NZL,new zealand,dunedin city,otago,
NZL,new zealand,far north,northland,
NZL,new zealand,gore,southland,
NZL,new zealand,grey,west coast,
NZL,new zealand,hamilton city,,
NZL,new zealand,hastings,hawkes bay,
NZL,new zealand,hauraki,,
NZL,new zealand,horowhenua,manawatu-wanganui,
NZL,new zealand,hurunui,canterbury,
NZL,new zealand,invercargill city,southland,
NZL,new zealand,kaikoura,canterbury,
NZL,new zealand,kaipara,northland,
NZL,new zealand,kapiti coast,wellington,
NZL,new zealand,kawerau,bay of plenty,
NZL,new zealand,lower hutt city,wellington,
NZL,new zealand,mackenzie,canterbury,
NZL,new zealand,manawatu,manawatu-wanganui,
NZL,new zealand,masterton,wellington,
NZL,new zealand,matamata-piako,,
NZL,new zealand,napier city,hawkes bay,
NZL,new zealand,nelson city,nelson,
NZL,new zealand,new plymouth,taranaki,
NZL,new zealand,opotiki,bay of plenty,
NZL,new zealand,otorohanga,,
NZL,new zealand,palmerston north city,manawatu-wanganui,
NZL,new zealand,porirua city,wellington,
NZL,new zealand,queenstown-lakes,otago,
NZL,new zealand,rangitikei,manawatu-wanganui,
NZL,new zealand,rotorua,bay of plenty,
NZL,new zealand,ruapehu,manawatu-wanganui,
NZL,new zealand,selwyn,canterbury,
NZL,new zealand,south taranaki,taranaki,
NZL,new zealand,south waikato,,
NZL,new zealand,south wairarapa,wellington,
NZL,new zealand,stratford,taranaki,
NZL,new zealand,tararua,manawatu-wanganui,
NZL,new zealand,taupo,bay of plenty,
NZL,new zealand,tauranga city,bay of plenty,
NZL,new zealand,thames-coromandel,,
NZL,new zealand,timaru,canterbury,
NZL,new zealand,upper hutt city,wellington,
NZL,new zealand,waimakariri,canterbury,
NZL,new zealand,waimate,canterbury,
NZL,new zealand,waipa,,
NZL,new zealand,wairoa,hawkes bay,
NZL,new zealand,waitaki,canterbury,
NZL,new zealand,waitomo,manawatu-wanganui,
NZL,new zealand,wanganui,manawatu-wanganui,
NZL,new zealand,wellington city,wellington,
NZL,new zealand,western bay of plenty,bay of plenty,
NZL,new zealand,westland,west coast,
NZL,new zealand,whakatane,bay of plenty,
NZL,new zealand,whangarei,northland,
OMN,oman,al batinah,,
OMN,oman,ash sharqiyah,,
PAK,pakistan,north-west frontier,khyber-pakhtunkhwa,
PAN,panama,comarca embera,embera,
PAN,panama,comarca kuna yala,kuna yala,
PAN,panama,comarca ngobe bugle,ngobe bugle,
PER,peru,constitucional del callao,callao,
PHL,philippines,angeles city,,
PHL,philippines,bacolod city,,
PHL,philippines,baguio city,,
PHL,philippines,butuan city,,
PHL,philippines,cagayan de oro city,,
PHL,philippines,caloocan city,metropolitan manila,
PHL,philippines,cebu city,cebu,
PHL,philippines,city of isabela,isabela,
PHL,philippines,city of las pinas,metropolitan manila,
PHL,philippines,city of makati,metropolitan manila,
PHL,philippines,city of malabon,metropolitan manila,
PHL,philippines,city of mandaluyong,metropolitan manila,
PHL,philippines,city of manila,metropolitan manila,
PHL,philippines,city of marikina,metropolitan manila,
PHL,philippines,city of muntinlupa,metropolitan manila,
PHL,philippines,city of navotas,metropolitan manila,
PHL,philippines,city of paranque,metropolitan manila,
PHL,philippines,city of pasig,metropolitan manila,
PHL,philippines,city of san juan,metropolitan manila,
PHL,philippines,city of valenzuela,metropolitan manila,
PHL,philippines,compostella valley,compostela valley,
PHL,philippines,cotabato,,
PHL,philippines,cotabato city,,
PHL,philippines,davao city,davao del north,
PHL,philippines,general santos city (dadiangas),south cotabato,
PHL,philippines,iligan city,,
PHL,philippines,iloilo city,iloilo,
PHL,philippines,lapu-lapu city (opon),,
PHL,philippines,lucena city,,
PHL,philippines,mandaue city,,
PHL,philippines,mountain,mountain province,
PHL,philippines,nuevavizcaya,nueva vizcaya,
PHL,philippines,olongapo city,,
PHL,philippines,pasay city,metropolitan manila,
PHL,philippines,pateros,metropolitan manila,
PHL,philippines,puerto princesa city,,
PHL,philippines,quezon city,metropolitan manila,
PHL,philippines,south catabato,south cotabato,
PHL,philippines,tacloban city,,
PHL,philippines,taguig city,metropolitan manila,
PHL,philippines,zamboanga city,zamboanga del sur,
PNG,papua new guinea,ar bougainville,bougainville,
PNG,papua new guinea,west sepik,sandaun,
POL,poland,region centralny,,
POL,poland,region ponocno-zachodni,,
POL,poland,region ponocny,,
POL,poland,region poudniowo-zachodni,,
POL,poland,region poudniowy,,
POL,poland,region wschodni,,
PRI,puerto rico,aasco,anasco,
PRI,puerto rico,bayamn,bayamon,
PRI,puerto rico,canvanas,canovanas,
PRI,puerto rico,catao,catano,
PRI,puerto rico,comero,comerio,
PRI,puerto rico,gunica,guanica,
PRI,puerto rico,juana daz,juana diaz,
PRI,puerto rico,las maras,las marias,
PRI,puerto rico,loza,loiza,
PRI,puerto rico,manat,manati,
PRI,puerto rico,mayagnez,mayaguez,
PRI,puerto rico,peuelas,penuelas,
PRI,puerto rico,rincn,rincon,
PRI,puerto rico,ro grande,rio grande,
PRI,puerto rico,san germn,san german,
PRI,puerto rico,san sebastin,san sebastian,
PRK,democratic people's republic of korea,north phyongan,pyongan-bukto,
PRK,democratic people's republic of korea,south phyongan,wadi ash shati,
PRT,portugal,continente,,
PRY,paraguay,pdte. hayes,presidente hayes,
QAT,qatar,al khor and al thakhira,al khor,
QAT,qatar,al rayyan,ar rayyan,
QAT,qatar,madinat al shamal,madinat ash shamal,
QAT,qatar,umm slal,umm salal,
ROU,romania,macroregiunea 1,,
ROU,romania,macroregiunea 2,,
ROU,romania,macroregiunea 3,,
ROU,romania,macroregiunea 4,,
RUS,russian federation,adygeja,adygey,
RUS,russian federation,altaj,altay,
RUS,russian federation,altajskij,gorno-altay,
RUS,russian federation,amurskaja,amur,
RUS,russian federation,arhangelskaja,,
RUS,russian federation,astrahanskaja,astrakhan,
RUS,russian federation,bashkortostan,bashkortostan,
RUS,russian federation,belgorodskaja,belgorod,
RUS,russian federation,brjanskaja,bryansk,
RUS,russian federation,burjatija,buryat,
RUS,russian federation,chechenskaja,chechnya,
RUS,russian federation,cheljabinskaja,chelyabinsk,
RUS,russian federation,chukotskij,chukot,
RUS,russian federation,chuvashskaja,chuvash,
RUS,russian federation,dagestan,dagestan,
RUS,russian federation,evrejskaja,yevrey,
RUS,russian federation,habarovskij,khabarovsk,
RUS,russian federation,hakasija,khakass,
RUS,russian federation,ingushetija,ingush,
RUS,russian federation,irkutskaja,irkutsk,
RUS,russian federation,ivanovskaja,ivanovo,
RUS,russian federation,jaroslavskaja,yaroslavl,
RUS,russian federation,kabardino-balkarskaja,kabardin-balkar,
RUS,russian federation,kaliningradskaja,kaliningrad,
RUS,russian federation,kalmykija,kalmyk,
RUS,russian federation,kaluzhskaja,kaluga,
RUS,russian federation,kamchatskij,kamchatka,
RUS,russian federation,karachaevo-cherkesskaja,karachay-cherkess,
RUS,russian federation,karelija,karelia,
RUS,russian federation,kemerovskaja,kemerovo,
RUS,russian federation,kirovskaja,kirov,
RUS,russian federation,komi,komi,
RUS,russian federation,kostromskaja,kostroma,
RUS,russian federation,krasnodarskij,krasnodar,
RUS,russian federation,krasnojarskij,krasnoyarsk,
RUS,russian federation,kurganskaja,kurgan,
RUS,russian federation,kurskaja,kursk,
RUS,russian federation,leningradskaja,leningrad,
RUS,russian federation,lipeckaja,lipetsk,
RUS,russian federation,magadanskaja,magadan,
RUS,russian federation,marij jel,mariy-el,
RUS,russian federation,mordovija,mordovia,
RUS,russian federation,moskovskaja,moscow city,
RUS,russian federation,moskva,moskva,
RUS,russian federation,murmanskaja,murmansk,
RUS,russian federation,nizhegorodskaja,nizhegorod,
RUS,russian federation,novgorodskaja,novgorod,
RUS,russian federation,novosibirskaja,novosibirsk,
RUS,russian federation,omskaja,omsk,
RUS,russian federation,orenburgskaja,orenburg,
RUS,russian federation,orlovskaja,orel,
RUS,russian federation,penzenskaja,penza,
RUS,russian federation,permskij,perm,
RUS,russian federation,primorskij,primorye,
RUS,russian federation,pskovskaja,pskov,
RUS,russian federation,rjazanskaja,ryazan,
RUS,russian federation,rostovskaja,rostov,
RUS,russian federation,saha,sakha,
RUS,russian federation,sahalinskaja,sakhalin,
RUS,russian federation,samarskaja,samara,
RUS,russian federation,sankt-peterburg,city of st. petersburg,
RUS,russian federation,saratovskaja,saratov,
RUS,russian federation,severnaja osetija - alanija,north ossetia,
RUS,russian federation,smolenskaja,smolensk,
RUS,russian federation,stavropolskij,stavropol,
RUS,russian federation,sverdlovskaja,sverdlovsk,
RUS,russian federation,tambovskaja,tambov,
RUS,russian federation,tatarstan,tatarstan,
RUS,russian federation,tjumenskaja,,
RUS,russian federation,tomskaja,tomsk,
RUS,russian federation,tulskaja,tula,
RUS,russian federation,tverskaja,tver,
RUS,russian federation,tyva,tuva,
RUS,russian federation,udmurtskaja,udmurt,
RUS,russian federation,uljanovskaja,ulyanovsk,
RUS,russian federation,vladimirskaja,vladimir,
RUS,russian federation,volgogradskaja,volgograd,
RUS,russian federation,vologodskaja,vologda,
RUS,russian federation,voronezhskaja,voronezh,
RUS,russian federation,zabajkalskij,zabaykalye,
RWA,rwanda,east,iburasirazuba,
RWA,rwanda,north,amajyaruguru,
RWA,rwanda,south,amajyepfo,
RWA,rwanda,west,iburengerazuba,
SAU,saudi arabia,al-baha,al bahah,
SAU,saudi arabia,al-hudud ash shamaliyah,al hudud ash shamaliyah,
SAU,saudi arabia,al-madinah al-monawarah,al madinah,
SAU,saudi arabia,al-qaseem,al qassim,
SAU,saudi arabia,al-riyadh,ar riyad,
SAU,saudi arabia,makkah al-mokarramah,makkah,
SDN,sudan,algadarif,al qadarif,
SDN,sudan,algazeera,al jazirah,
SDN,sudan,northern darfur,north darfur,
SDN,sudan,northern kordofan,,
SDN,sudan,southern darfur,,
SDN,sudan,western darfur,,
SOM,somalia,banadir,banaadir,
SOM,somalia,central,,
SOM,somalia,north-east,,
SOM,somalia,south,,
SRB,serbia,south and east serbia,,
SRB,serbia,sumadija and west serbia,,
SRB,serbia,vojvodin,,
SSD,south sudan,northern bahr el ghazal,north bahr-al-ghazal,
SSD,south sudan,warrap,warap,
SSD,south sudan,western bahr el ghazal,west bahr-al-ghazal,
SSD,south sudan,western equatoria,west equatoria,
SYR,syrian arab republic,al-hasakeh,al hasakah,
SYR,syrian arab republic,ar-raqqa,ar raqqah,
SYR,syrian arab republic,as-sweida,as suwayda,
SYR,syrian arab republic,deir-ez-zor,dayr az zawr,
SYR,syrian arab republic,rural damascus,rif dimashq,
TCD,chad,barh el gazal,barh el ghazel,
TCD,chad,ennedi,,
TCD,chad,ndjamena,ville de ndjamena,
TGO,togo,centrale,centre,
TGO,togo,lome commune,,maritime already mapped
THA,thailand,suphanburi,suphan buri,
TJK,tajikistan,gorno-badakhshan autonomous,gorno-badakhshan,
TJK,tajikistan,regions of republican subordination,districts of republican subordination,
TKM,turkmenistan,ashgabat city,asgabat,
TON,tonga,ongo niua,niuas,
TTO,trinidad and tobago,city of san fernando,san fernando,
TTO,trinidad and tobago,city port of spain,port of spain,
TTO,trinidad and tobago,couva -tabaquite-talparo,,
TTO,trinidad and tobago,mayaro -rio claro,,
TTO,trinidad and tobago,saint andrew,,sangre grande is already mapped
TTO,trinidad and tobago,saint david,tobago,
TTO,trinidad and tobago,saint george,,diego martin is already mapped
TTO,trinidad and tobago,saint john,tobago,
TTO,trinidad and tobago,saint mary,tobago,
TTO,trinidad and tobago,saint patrick,,siparia is already mapped
TTO,trinidad and tobago,saint paul,tobago,
TTO,trinidad and tobago,san juan -laventille,,
TTO,trinidad and tobago,tunapuna -piarco,,
TUN,tunisia,manouba,manubah,
TUN,tunisia,sidi bouzid,sidi bou zid,
TUR,turkey,adyaman,adiyaman,
TUR,turkey,agr,agri,
TUR,turkey,aydn,aydin,
TUR,turkey,balkesir,balikesir,
TUR,turkey,bartn,bartin,
TUR,turkey,cankr,cankiri,
TUR,turkey,diyarbakr,diyarbakir,
TUR,turkey,elazg,elazig,
TUR,turkey,igdr,igdir,
TUR,turkey,krkkale,kinkale,
TUR,turkey,krklareli,kirklareli,
TUR,turkey,krsehir,kirsehir,
TUR,turkey,sanlurfa,saliurfa,
TUR,turkey,srnak,sirnak,
TWN,taiwan,changhua,,
TWN,taiwan,chiayi,,
TWN,taiwan,chiayi city,,
TWN,taiwan,hsinchu,,
TWN,taiwan,hsinchu city,,
TWN,taiwan,hualien,,
TWN,taiwan,kaohsiung city,kaohsiung,
TWN,taiwan,keelung city,,
TWN,taiwan,kinmen,,
TWN,taiwan,lienchiang,,
TWN,taiwan,miaoli,,
TWN,taiwan,nantou,,
TWN,taiwan,new taipei city,new taipei,
TWN,taiwan,penghu,,
TWN,taiwan,pingtung,,
TWN,taiwan,taichung city,taichung,
TWN,taiwan,tainan city,tainan,
TWN,taiwan,taipei city,taipei,
TWN,taiwan,taitung,,
TWN,taiwan,taoyuan,,
TWN,taiwan,yilan,,
TWN,taiwan,yunlin,,
TZA,united republic of tanzania,kilanjaro,kilimanjaro,
TZA,united republic of tanzania,mijini magharibi unguja,zanzibar west,
TZA,united republic of tanzania,pwai,pwani,
UGA,uganda,abim,,
UGA,uganda,agago,,
UGA,uganda,alebtong,,
UGA,uganda,amolatar,,
UGA,uganda,amudat,,
UGA,uganda,amuria,,
UGA,uganda,amuru,,
UGA,uganda,budaka,,
UGA,uganda,bududa,,
UGA,uganda,buhweju,,
UGA,uganda,buikwe,,
UGA,uganda,bukedea,,
UGA,uganda,bukomansimbi,,
UGA,uganda,bukwo,,
UGA,uganda,bulambuli,,
UGA,uganda,buliisa,,
UGA,uganda,butaleja,,
UGA,uganda,butambala,,
UGA,uganda,buvuma,,
UGA,uganda,buyende,,
UGA,uganda,dokolo,,
UGA,uganda,gomba,,
UGA,uganda,ibanda,,
UGA,uganda,isingiro,,
UGA,uganda,kaabong,,
UGA,uganda,kaliro,,
UGA,uganda,kalungu,,
UGA,uganda,kibuku,,
UGA,uganda,kiruhura,,
UGA,uganda,kiryandongo,,
UGA,uganda,koboko,,
UGA,uganda,kole,,
UGA,uganda,kween,,
UGA,uganda,kyankwanzi,,
UGA,uganda,kyegegwa,,
UGA,uganda,lamwo,,
UGA,uganda,luuka,,
UGA,uganda,lwengo,,
UGA,uganda,lyantonde,,
UGA,uganda,manafwa,,
UGA,uganda,maracha,,
UGA,uganda,mitooma,,
UGA,uganda,mityana,,
UGA,uganda,nakaseke,,
UGA,uganda,namayingo,,
UGA,uganda,namutumba,,
UGA,uganda,napak,,
UGA,uganda,ngora,,
UGA,uganda,ntoroko,,
UGA,uganda,nwoya,,
UGA,uganda,otuke,,
UGA,uganda,oyam,,
UGA,uganda,rubirizi,,
UGA,uganda,serere,,
UGA,uganda,sheema,,
UGA,uganda,ssembabule,sembabule,
UGA,uganda,zombo,,
UKR,ukraine,avtonomna respublika krym,crimea,
UKR,ukraine,cherkaska,cherkasy,
UKR,ukraine,chernihivska,chernihiv,
UKR,ukraine,chernivetska,chernivtsi,
UKR,ukraine,dnipropetrovska,dnipropetrovsk,
UKR,ukraine,donetska,donetsk,
UKR,ukraine,ivano-frankivska,ivano-frankivsk,
UKR,ukraine,kharkivska,kharkiv,
UKR,ukraine,khersonska,kherson,
UKR,ukraine,khmelnytska,khmelnytskyy,
UKR,ukraine,kirovohradska,kirovohrad,
UKR,ukraine,kyivska,kiev,
UKR,ukraine,luhansk (miskrada),luhansk,
UKR,ukraine,lvivska,lviv,
UKR,ukraine,misto kyiv,kiev city,
UKR,ukraine,mykolaivska,mykolayiv,
UKR,ukraine,odeska,odessa,
UKR,ukraine,poltavska,poltava,
UKR,ukraine,rivnenska,rivne,
UKR,ukraine,sevastopol (miskrada),sevastopol,
UKR,ukraine,sumska,sumy,
UKR,ukraine,ternopilska,ternopil,
UKR,ukraine,vinnytska,vinnytsya,
UKR,ukraine,volynska,volyn,
UKR,ukraine,zakarpatska,zakarpattia,
UKR,ukraine,zaporizka,zaporizhia,
UKR,ukraine,zhytomyrska,zhytomyr,
UZB,uzbekistan,city of tashkent,toshkent shahri,
UZB,uzbekistan,jizzak,jizzax,
UZB,uzbekistan,republic karakalpakstan,qaraqalpaqstan,
UZB,uzbekistan,syrdarya,sirdaryo,
VCT,saint vincent and the grenadines,barrouallie,saint patrick,
VCT,saint vincent and the grenadines,bridgetown,,
VCT,saint vincent and the grenadines,calliaqua,saint george,
VCT,saint vincent and the grenadines,chateaubelair,saint david,
VCT,saint vincent and the grenadines,colonarie,charlotte,
VCT,saint vincent and the grenadines,georgetown,charlotte,
VCT,saint vincent and the grenadines,kingstown,saint george,
VCT,saint vincent and the grenadines,kingstown suburbs,saint george,
VCT,saint vincent and the grenadines,layou,saint andrew,
VCT,saint vincent and the grenadines,marriaqua,saint george,
VCT,saint vincent and the grenadines,northern grenadines,grenadines,
VCT,saint vincent and the grenadines,sandy bay,charlotte,
VCT,saint vincent and the grenadines,southern grenadines,grenadines,
VIR,united states virgin islands,saint croix island,saint croix,
VIR,united states virgin islands,saint john island,saint john,
VIR,united states virgin islands,saint thomas island,saint thomas,
VNM,viet nam,central highlands,,
VNM,viet nam,mekong river delta,,
VNM,viet nam,north and south central coast,,
VNM,viet nam,northern midlands and mountains,,
VNM,viet nam,red river delta,,
VNM,viet nam,southeast,,
WSM,samoa,apia urban area,,
WSM,samoa,north west upolu,,
WSM,samoa,rest of upolu,,
WSM,samoa,savaii,,
YEM,yemen,al dhalee,al dali,
YEM,yemen,al maharah,al mahrah,
YEM,yemen,amanat al asimah (sanaa),amanat al asimah,
YEM,yemen,hadramaut,hadramawt,
YEM,yemen,sanaa,sana,
ZAF,south africa,free,free state,